<annotation>
	<folder>Dataset_</folder>
	<filename>RAW (287).jpg</filename>
	<path>C:\Users\张鹏举\Desktop\BME 学习资料\研一下学期\numerical methods\data\NM-main\Dataset_\RAW (287).jpg</path>
	<source>
		<database>Unknown</database>
	</source>
	<size>
		<width>1024</width>
		<height>640</height>
		<depth>3</depth>
	</size>
	<segmented>0</segmented>
	<object>
		<name>crack</name>
		<pose>Unspecified</pose>
		<truncated>0</truncated>
		<difficult>0</difficult>
		<bndbox>
			<xmin>206</xmin>
			<ymin>303</ymin>
			<xmax>552</xmax>
			<ymax>634</ymax>
		</bndbox>
	</object>
	<object>
		<name>crack</name>
		<pose>Unspecified</pose>
		<truncated>0</truncated>
		<difficult>0</difficult>
		<bndbox>
			<xmin>614</xmin>
			<ymin>349</ymin>
			<xmax>841</xmax>
			<ymax>634</ymax>
		</bndbox>
	</object>
	<object>
		<name>crack</name>
		<pose>Unspecified</pose>
		<truncated>0</truncated>
		<difficult>0</difficult>
		<bndbox>
			<xmin>290</xmin>
			<ymin>144</ymin>
			<xmax>615</xmax>
			<ymax>318</ymax>
		</bndbox>
	</object>
</annotation>
