<annotation>
	<folder>Dataset_</folder>
	<filename>RAW (213).jpg</filename>
	<path>C:\Users\张鹏举\Desktop\BME 学习资料\研一下学期\numerical methods\data\NM-main\Dataset_\RAW (213).jpg</path>
	<source>
		<database>Unknown</database>
	</source>
	<size>
		<width>1024</width>
		<height>640</height>
		<depth>3</depth>
	</size>
	<segmented>0</segmented>
	<object>
		<name>crack</name>
		<pose>Unspecified</pose>
		<truncated>0</truncated>
		<difficult>0</difficult>
		<bndbox>
			<xmin>651</xmin>
			<ymin>248</ymin>
			<xmax>779</xmax>
			<ymax>358</ymax>
		</bndbox>
	</object>
	<object>
		<name>crack</name>
		<pose>Unspecified</pose>
		<truncated>0</truncated>
		<difficult>0</difficult>
		<bndbox>
			<xmin>636</xmin>
			<ymin>432</ymin>
			<xmax>825</xmax>
			<ymax>541</ymax>
		</bndbox>
	</object>
	<object>
		<name>crack</name>
		<pose>Unspecified</pose>
		<truncated>0</truncated>
		<difficult>0</difficult>
		<bndbox>
			<xmin>611</xmin>
			<ymin>70</ymin>
			<xmax>731</xmax>
			<ymax>232</ymax>
		</bndbox>
	</object>
	<object>
		<name>crack</name>
		<pose>Unspecified</pose>
		<truncated>0</truncated>
		<difficult>0</difficult>
		<bndbox>
			<xmin>403</xmin>
			<ymin>165</ymin>
			<xmax>499</xmax>
			<ymax>217</ymax>
		</bndbox>
	</object>
	<object>
		<name>crack</name>
		<pose>Unspecified</pose>
		<truncated>0</truncated>
		<difficult>0</difficult>
		<bndbox>
			<xmin>349</xmin>
			<ymin>254</ymin>
			<xmax>497</xmax>
			<ymax>342</ymax>
		</bndbox>
	</object>
</annotation>
