<annotation>
	<folder>Dataset_</folder>
	<filename>RAW (282).jpg</filename>
	<path>C:\Users\张鹏举\Desktop\BME 学习资料\研一下学期\numerical methods\data\NM-main\Dataset_\RAW (282).jpg</path>
	<source>
		<database>Unknown</database>
	</source>
	<size>
		<width>1024</width>
		<height>640</height>
		<depth>3</depth>
	</size>
	<segmented>0</segmented>
	<object>
		<name>crack</name>
		<pose>Unspecified</pose>
		<truncated>1</truncated>
		<difficult>0</difficult>
		<bndbox>
			<xmin>1</xmin>
			<ymin>385</ymin>
			<xmax>182</xmax>
			<ymax>551</ymax>
		</bndbox>
	</object>
	<object>
		<name>crack</name>
		<pose>Unspecified</pose>
		<truncated>0</truncated>
		<difficult>0</difficult>
		<bndbox>
			<xmin>193</xmin>
			<ymin>341</ymin>
			<xmax>509</xmax>
			<ymax>553</ymax>
		</bndbox>
	</object>
	<object>
		<name>crack</name>
		<pose>Unspecified</pose>
		<truncated>0</truncated>
		<difficult>0</difficult>
		<bndbox>
			<xmin>333</xmin>
			<ymin>250</ymin>
			<xmax>470</xmax>
			<ymax>368</ymax>
		</bndbox>
	</object>
	<object>
		<name>crack</name>
		<pose>Unspecified</pose>
		<truncated>0</truncated>
		<difficult>0</difficult>
		<bndbox>
			<xmin>409</xmin>
			<ymin>165</ymin>
			<xmax>510</xmax>
			<ymax>290</ymax>
		</bndbox>
	</object>
	<object>
		<name>crack</name>
		<pose>Unspecified</pose>
		<truncated>0</truncated>
		<difficult>0</difficult>
		<bndbox>
			<xmin>163</xmin>
			<ymin>510</ymin>
			<xmax>447</xmax>
			<ymax>637</ymax>
		</bndbox>
	</object>
</annotation>
