<annotation>
	<folder>Dataset_</folder>
	<filename>RAW (285).jpg</filename>
	<path>C:\Users\张鹏举\Desktop\BME 学习资料\研一下学期\numerical methods\data\NM-main\Dataset_\RAW (285).jpg</path>
	<source>
		<database>Unknown</database>
	</source>
	<size>
		<width>1024</width>
		<height>640</height>
		<depth>3</depth>
	</size>
	<segmented>0</segmented>
	<object>
		<name>crack</name>
		<pose>Unspecified</pose>
		<truncated>0</truncated>
		<difficult>0</difficult>
		<bndbox>
			<xmin>161</xmin>
			<ymin>406</ymin>
			<xmax>393</xmax>
			<ymax>615</ymax>
		</bndbox>
	</object>
	<object>
		<name>crack</name>
		<pose>Unspecified</pose>
		<truncated>0</truncated>
		<difficult>0</difficult>
		<bndbox>
			<xmin>277</xmin>
			<ymin>226</ymin>
			<xmax>500</xmax>
			<ymax>461</ymax>
		</bndbox>
	</object>
	<object>
		<name>crack</name>
		<pose>Unspecified</pose>
		<truncated>0</truncated>
		<difficult>0</difficult>
		<bndbox>
			<xmin>417</xmin>
			<ymin>173</ymin>
			<xmax>512</xmax>
			<ymax>242</ymax>
		</bndbox>
	</object>
	<object>
		<name>crack</name>
		<pose>Unspecified</pose>
		<truncated>0</truncated>
		<difficult>0</difficult>
		<bndbox>
			<xmin>631</xmin>
			<ymin>302</ymin>
			<xmax>802</xmax>
			<ymax>606</ymax>
		</bndbox>
	</object>
	<object>
		<name>crack</name>
		<pose>Unspecified</pose>
		<truncated>0</truncated>
		<difficult>0</difficult>
		<bndbox>
			<xmin>464</xmin>
			<ymin>79</ymin>
			<xmax>588</xmax>
			<ymax>185</ymax>
		</bndbox>
	</object>
</annotation>
