{
  "version": "5.0.1",
  "flags": {},
  "shapes": [
    {
      "label": "crack",
      "points": [
        [
          720.1081081081081,
          258.1081081081081
        ],
        [
          718.7567567567568,
          271.6216216216216
        ],
        [
          705.918918918919,
          272.97297297297297
        ],
        [
          689.7027027027027,
          284.4594594594595
        ],
        [
          691.7297297297297,
          290.5405405405405
        ],
        [
          707.2702702702703,
          297.2972972972973
        ],
        [
          739.0270270270271,
          306.0810810810811
        ],
        [
          765.3783783783784,
          307.43243243243245
        ],
        [
          813.3513513513514,
          310.81081081081084
        ],
        [
          841.7297297297297,
          303.3783783783784
        ],
        [
          814.0270270270271,
          303.3783783783784
        ],
        [
          773.4864864864865,
          303.3783783783784
        ],
        [
          801.1891891891892,
          291.8918918918919
        ],
        [
          814.0270270270271,
          287.83783783783787
        ],
        [
          812.0,
          281.7567567567568
        ],
        [
          828.8918918918919,
          275.6756756756757
        ],
        [
          835.6486486486486,
          270.94594594594594
        ],
        [
          826.8648648648649,
          262.83783783783787
        ],
        [
          799.8378378378378,
          262.1621621621622
        ],
        [
          784.972972972973,
          264.86486486486484
        ],
        [
          774.1621621621622,
          264.86486486486484
        ],
        [
          762.6756756756757,
          259.4594594594595
        ],
        [
          735.6486486486486,
          256.7567567567568
        ]
      ],
      "group_id": null,
      "shape_type": "polygon",
      "flags": {}
    },
    {
      "label": "crack",
      "points": [
        [
          707.9459459459459,
          192.56756756756758
        ],
        [
          720.1081081081081,
          205.40540540540542
        ],
        [
          741.0540540540541,
          210.8108108108108
        ],
        [
          747.8108108108108,
          211.48648648648648
        ],
        [
          789.0270270270271,
          214.1891891891892
        ],
        [
          797.8108108108108,
          210.13513513513513
        ],
        [
          777.5405405405405,
          204.05405405405406
        ],
        [
          765.3783783783784,
          198.64864864864865
        ],
        [
          759.2972972972973,
          194.5945945945946
        ],
        [
          745.7837837837837,
          182.43243243243242
        ],
        [
          734.972972972973,
          177.02702702702703
        ],
        [
          716.0540540540541,
          179.05405405405406
        ],
        [
          689.7027027027027,
          183.1081081081081
        ]
      ],
      "group_id": null,
      "shape_type": "polygon",
      "flags": {}
    }
  ],
  "imagePath": "..\\data\\NM-main\\Dataset_\\RAW (5).jpg",
  "imageData": null,
  "imageHeight": 640,
  "imageWidth": 1024
}